[
  
  {
    "link":"artikel.md",
    "title": "Cascading Style Sheets (CSS)",
    "subtitle": "Apakah kamu tahu apa itu CSS?",
    "url":"../bahan/css.png",
    "desk": "Cascading Style Sheet merupakan aturan untuk mengatur beberapa komponen dalam sebuah web sehingga akan lebih terstruktur dan seragam."
  },
  {
    "link":"artikel2.md",
    "title": "Hypertext Markup Language (HTML)",
    "subtitle": "Apakah kamu tahu apa itu HTML?",
    "url":"../bahan/html.jpg",
    "desk": "Hypertext Markup Language adalah bahasa markah standar untuk dokumen yang dirancang untuk ditampilkan di peramban internet."
  },
  {
    "link":"artikel3.md",
    "title": "JavaScript",
    "subtitle": "Apakah kamu tahu apa itu JS?",
    "url":"../bahan/js.png",
    "desk": "JavaScript adalah bahasa pemrograman tingkat tinggi dan dinamis. JavaScript populer di internet dan dapat bekerja di sebagian besar penjelajah web populer seperti Google Chrome,"
  }
]
